{
  "variant": "vibrant",
  "primary": "hsl(195, 100%, 50%)",
  "appearance": "auto",
  "radius": 0.5,
  "colors": {
    "background": {
      "light": "#f8fafc",
      "dark": "#1e1e1e"
    },
    "surface": {
      "light": "#f8fafc",
      "dark": "#2a2a2a"
    },
    "text": {
      "light": "#111827",
      "dark": "#f4f4f5"
    },
    "muted": {
      "light": "#e5e7eb",
      "dark": "#4b5563"
    },
    "border": {
      "light": "#cbd5e1",
      "dark": "#374151"
    },
    "card": {
      "light": "#f8fafc",
      "dark": "#2c2c2c"
    },
    "card-foreground": {
      "light": "#1f2937",
      "dark": "#f3f4f6"
    }
  }
}
